epoch,step,train/loss,train/reward,val/reward
0,49,125.5844955444336,-46.51952362060547,
0,99,-52.93217086791992,-48.52143096923828,
0,99,,,-38.255577087402344
